feature,importance
recency_days,0.43000255176621166
ticket_volume,0.1854181804716288
sentiment_mean,0.09261724475278818
frequency,0.06927777964637065
clv,0.052180500796537355
social_mentions_count,0.04777484451740914
resolution_time_avg,0.04733865396047357
monetary_avg,0.04449152632868663
sentiment_trend,0.030898717759894105
