feature,importance
sentiment_mean,0.3971375136615194
social_mentions_count,0.2596083767071591
ticket_volume,0.2520071824314659
clv,0.050633106063593565
frequency,0.02872778489875407
monetary_avg,0.009495309123800873
sentiment_trend,0.0019717783144472642
recency_days,0.00041894879925973385
resolution_time_avg,0.0
