model,roc_auc,precision,recall,f1
random_forest,1.0,1.0,0.6666666666666666,0.8
logistic_regression,0.9794372294372294,1.0,0.6666666666666666,0.8
