model,roc_auc,precision,recall,f1
random_forest,1.0,1.0,1.0,1.0
logistic_regression,0.998863764924163,1.0,0.9700460829493087,0.9847953216374269
